datetime,open,high,low,close,volume
2020-01-01,101.35242056304028,101.61634041485304,100.77134598350096,101.35242056304028,3502
2020-01-02,101.35242056304028,101.72006960092756,100.61575526727692,100.97967066660762,9677
2020-01-03,100.97967066660762,101.5388140612864,100.51343288668764,101.00592679755049,6165
2020-01-04,101.00592679755049,102.2039290697383,100.3279248363908,101.33193982394768,1708
2020-01-05,101.33193982394768,101.33193982394768,99.9301172399063,100.7008014010471,9873
2020-01-06,100.7008014010471,100.75437011502346,100.462403775386,100.70245385937186,6097
2020-01-07,100.70245385937186,101.55394293259116,99.99291417967316,100.70174155068553,4154
2020-01-08,100.70174155068553,100.70174155068553,98.8366833409381,99.29796210560916,2629
2020-01-09,99.29796210560916,100.82782877889052,99.29796210560916,100.11208851013996,3530
2020-01-10,100.11208851013996,101.2006379976154,100.03086369539812,100.5924873228756,5262
2020-01-11,100.5924873228756,100.5924873228756,99.85820042994396,100.0921441437022,3931
2020-01-12,100.0921441437022,100.21500122690132,99.14339819304472,99.95490553474563,2851
2020-01-13,99.95490553474563,101.10154831894624,99.95490553474563,100.35914503410302,2693
2020-01-14,100.35914503410302,100.35914503410302,100.05132441155844,100.15005990194972,1254
2020-01-15,100.15005990194972,100.9111055195048,99.0933551467075,99.95586063901168,9106
2020-01-16,99.95586063901168,99.95586063901168,98.6259704047334,98.79326750901905,3137
2020-01-17,98.79326750901905,99.39736221661668,98.53401572552126,99.23693175853256,2050
2020-01-18,99.23693175853256,99.9717390368442,98.47311753292529,99.33603648276218,2062
2020-01-19,99.33603648276218,99.66947603603894,98.8317982479189,99.55560442177016,9310
2020-01-20,99.55560442177016,99.55560442177016,97.40040833896556,98.33438479627428,6554
2020-01-21,98.33438479627428,100.0864487173288,98.33438479627428,99.65494454922346,8289
2020-01-22,99.65494454922346,99.84721305300802,99.4062716996297,99.77841297758854,6773
2020-01-23,99.77841297758854,99.77841297758854,98.83668337051054,99.46870102295944,6765
2020-01-24,99.46870102295944,101.64013936199176,99.46870102295944,101.09195879956832,8231
2020-01-25,101.09195879956832,101.93513236436915,100.05695853643672,101.0556499756798,8250
2020-01-26,101.0556499756798,101.0556499756798,99.23580118842584,99.89510701636254,8311
2020-01-27,99.89510701636254,99.96859040211302,98.89410331469512,99.5709247320204,1565
2020-01-28,99.5709247320204,99.5709247320204,97.16974921103656,97.74027265044302,1425
2020-01-29,97.74027265044302,99.22123922845137,97.74027265044302,98.57978988991762,9117
2020-01-30,98.57978988991762,98.95720217423496,98.05556248171804,98.24661043510162,6387
2020-01-31,98.24661043510162,98.24661043510162,97.54951622837244,97.65256761493796,2767
2020-02-01,97.65256761493796,98.87566121164222,97.65256761493796,98.51054372019836,2469
2020-02-02,98.51054372019836,98.51054372019836,97.16220991111312,97.18968324867367,4167
2020-02-03,97.18968324867367,98.5025280804488,97.00935964312777,97.61802673373457,8579
2020-02-04,97.61802673373457,97.61802673373457,95.79310145605224,95.96649489123762,7741
2020-02-05,95.96649489123762,96.38784230443764,94.55770570580388,95.43676741950416,4618
2020-02-06,95.43676741950416,95.43676741950416,94.37000030456576,94.47339154302438,2908
2020-02-07,94.47339154302438,96.43039246201012,94.47339154302438,95.6429720447952,4211
2020-02-08,95.6429720447952,97.93806474315174,95.6429720447952,97.05590074713866,3179
2020-02-09,97.05590074713866,97.33892067796194,96.19083574218229,96.7923697456082,7936
2020-02-10,96.7923697456082,98.13933784662711,96.7923697456082,97.46495633932304,7739
2020-02-11,97.46495633932304,97.46495633932304,96.60904534565913,97.32096721832116,4876
2020-02-12,97.32096721832116,98.59930764788716,97.32096721832116,97.77541672818356,4664
2020-02-13,97.77541672818356,97.83699814032734,97.02100547748589,97.17314697104638,5984
2020-02-14,97.17314697104638,97.17314697104638,94.86786755766089,95.80647560851271,8541
2020-02-15,95.80647560851271,95.80647560851271,93.54081389999529,94.36399668172892,1954
2020-02-16,94.36399668172892,94.82190510509834,93.97189805312792,94.67049416313496,9829
2020-02-17,94.67049416313496,97.28594947888996,94.67049416313496,96.46857020538113,4573
2020-02-18,96.46857020538113,97.19567904915476,96.19385951568056,96.68409950978742,8603
2020-02-19,96.68409950978742,96.84962276897424,96.17988281551284,96.26441581426674,6748
2020-02-20,96.26441581426674,97.96036088222822,96.26441581426674,97.79403090413228,4237
2020-02-21,97.79403090413228,98.59933668443654,97.05691498004848,97.98387238144204,6039
2020-02-22,97.98387238144204,98.29876194492718,97.65514964666836,98.06501956961134,1017
2020-02-23,98.06501956961134,99.01624321886266,98.05237056565126,98.2670817580556,2105
2020-02-24,98.2670817580556,98.2670817580556,97.38682904345072,98.16118000000212,5359
2020-02-25,98.16118000000212,98.16118000000212,97.3986119714252,97.913598927531,1812
2020-02-26,97.913598927531,97.913598927531,96.12547778018444,96.76562815470255,6957
2020-02-27,96.76562815470255,97.55651635602132,96.76562815470255,97.1669274532474,8240
2020-02-28,97.1669274532474,97.9364627365504,96.65850775430646,97.09110709289548,1264
2020-02-29,97.09110709289548,98.05224560578768,97.09110709289548,98.04557583077067,1931
2020-03-01,98.04557583077067,98.2939538211332,97.46285032129072,97.75052105601242,1267
2020-03-02,97.75052105601242,97.75052105601242,96.05388839373254,96.22542515318804,8539
2020-03-03,96.22542515318804,96.51072374221695,95.30578118758406,96.14573664767217,4493
2020-03-04,96.14573664767217,97.7960921630838,96.14573664767217,97.50536648506947,2016
2020-03-05,97.50536648506947,97.50536648506947,96.65079751505758,97.19862798672428,7773
2020-03-06,97.19862798672428,97.19862798672428,96.22332808768412,96.48674249790768,9089
2020-03-07,96.48674249790768,96.48674249790768,94.92596408300356,95.53186896010114,6795
2020-03-08,95.53186896010114,95.53186896010114,94.30280480846466,94.69185551124085,3843
2020-03-09,94.69185551124085,95.02944795443186,94.4497556412376,94.4517005218007,7035
2020-03-10,94.4517005218007,94.4517005218007,92.9256184627697,93.50771484703414,2267
2020-03-11,93.50771484703414,95.6263768780086,93.50771484703414,94.7058261395122,5138
2020-03-12,94.7058261395122,94.7154343237891,93.57048116567232,94.4797179506519,2825
2020-03-13,94.4797179506519,95.50147555395002,93.7854594791796,94.56663664784767,5450
2020-03-14,94.56663664784767,95.87168920606442,94.56663664784767,95.7172282644347,7666
2020-03-15,95.7172282644347,97.8405286290281,95.7172282644347,96.91988308076824,7958
2020-03-16,96.91988308076824,96.91988308076824,96.70736079155738,96.74969670715416,2758
2020-03-17,96.74969670715416,97.02247933985328,96.74969670715416,97.01527607954498,1087
2020-03-18,97.01527607954498,97.69844520076374,97.01527607954498,97.60329734704686,1569
2020-03-19,97.60329734704686,98.13814937030156,97.24543397697936,97.44901297876704,8812
2020-03-20,97.44901297876704,97.44901297876704,95.96826290813314,96.02660269640025,4375
2020-03-21,96.02660269640025,96.8164876010709,95.94478062908578,96.55036725936272,4743
2020-03-22,96.55036725936272,97.92076189676962,96.36953038445098,97.26584910321914,2256
2020-03-23,97.26584910321914,97.62704237767616,96.79283428820312,97.59825119465756,9678
2020-03-24,97.59825119465756,97.59825119465756,96.80755008414084,96.85941546928696,2774
2020-03-25,96.85941546928696,97.0897317342423,96.41472090895952,96.7025936194406,2702
2020-03-26,96.7025936194406,96.7025936194406,96.19358623874304,96.2299777643501,7313
2020-03-27,96.2299777643501,96.86538575118618,95.58650553606284,95.99020877448784,5046
2020-03-28,95.99020877448784,97.37738236183564,95.99020877448784,97.02771692866918,3823
2020-03-29,97.02771692866918,98.53762572706036,97.02771692866918,98.2513806353837,8240
2020-03-30,98.2513806353837,99.47299441504254,98.06515393351376,98.78691519011144,2129
2020-03-31,98.78691519011144,100.07476345779789,98.73409472940266,99.22591128593407,1619
2020-04-01,99.22591128593407,99.99471648332396,99.22591128593407,99.7672144775788,1280
2020-04-02,99.7672144775788,99.8842781877607,98.9263596965044,99.75742072829364,7943
2020-04-03,99.75742072829364,100.65401135656305,99.38677806211314,99.696889959104,8018
2020-04-04,99.696889959104,99.696889959104,98.83567987515372,99.15797380920311,1022
2020-04-05,99.15797380920311,99.6435270011196,98.38187072527612,99.11327984916308,4391
2020-04-06,99.11327984916308,101.38238695437842,99.11327984916308,100.92123743846408,5132
2020-04-07,100.92123743846408,102.457804839493,100.92123743846408,101.61646890186714,3857
2020-04-08,101.61646890186714,101.77746500518982,100.9271129250773,101.34277528312565,2850
2020-04-09,101.34277528312565,101.72960348239964,100.56753898651397,100.96523396141885,7536
2020-04-10,100.96523396141885,100.96523396141885,99.97045421816904,100.27364196815024,1006
2020-04-11,100.27364196815024,100.65328346318296,100.27364196815024,100.5731382479403,5356
2020-04-12,100.5731382479403,101.40021986697052,99.99816170656462,100.88637480274237,2254
2020-04-13,100.88637480274237,100.88637480274237,99.32325874754032,99.7318774771416,6145
2020-04-14,99.7318774771416,100.65270495941462,99.7318774771416,100.12094563493496,1821
2020-04-15,100.12094563493496,100.12094563493496,98.88106275135236,99.66536781852018,3642
2020-04-16,99.66536781852018,100.83259317324335,99.66536781852018,100.80674474383925,1265
2020-04-17,100.80674474383925,101.64005238694142,100.22471267164626,100.9322199308026,5639
2020-04-18,100.9322199308026,102.70805909426132,100.9322199308026,102.30640397053078,8373
2020-04-19,102.30640397053078,102.30640397053078,101.81465667958015,101.93990253622198,3077
2020-04-20,101.93990253622198,102.08560705229304,101.25412158500136,101.70951544300534,8698
2020-04-21,101.70951544300534,102.37520680563227,101.12246536522768,101.94936212482126,9993
2020-04-22,101.94936212482126,103.13926425353544,101.7927154285957,102.7941207641529,4968
2020-04-23,102.7941207641529,103.54798349969084,102.7941207641529,103.24682675505484,9552
2020-04-24,103.24682675505484,103.24682675505484,101.49948519938624,102.26000760007275,9726
2020-04-25,102.26000760007275,102.45407625588348,102.18986413233932,102.40632816136458,9421
2020-04-26,102.40632816136458,102.65535729390672,102.01688327582026,102.42412395219704,6349
2020-04-27,102.42412395219704,102.5281170198964,101.31417163360834,102.08086907735223,8761
2020-04-28,102.08086907735223,102.46098185398426,100.7801994468494,101.56238484303836,9709
2020-04-29,101.56238484303836,103.4012522385114,101.56238484303836,102.96044663451728,8500
2020-04-30,102.96044663451728,103.2187510663299,102.38592108727444,102.64813744942802,8934
2020-05-01,102.64813744942802,102.88260837682851,100.98933961989609,101.97139933972578,4232
2020-05-02,101.97139933972578,103.30690668395542,101.89820597793008,102.48108960597573,2381
2020-05-03,102.48108960597573,103.31630132270864,101.99229828711633,102.58558798778552,8882
2020-05-04,102.58558798778552,103.16003489186431,102.26297683290552,102.5249368947408,9053
2020-05-05,102.5249368947408,103.76463049382612,102.5249368947408,103.14997834358118,4392
2020-05-06,103.14997834358118,103.7381525350143,103.14997834358118,103.54087867629534,2445
2020-05-07,103.54087867629534,103.97094572705387,103.54087867629534,103.8306306770562,1966
2020-05-08,103.8306306770562,104.66023240102474,103.8306306770562,104.60199106456932,7767
2020-05-09,104.60199106456932,104.9272478661709,104.24445880296962,104.82890020363718,2788
2020-05-10,104.82890020363718,104.977005897082,103.78910973631632,104.3353626443648,4237
2020-05-11,104.3353626443648,104.67863298885284,103.49982515734186,104.04553686162902,8675
2020-05-12,104.04553686162902,104.04553686162902,103.27228344781146,103.62875899338556,2594
2020-05-13,103.62875899338556,104.66669666049008,103.34393958195358,103.79653663896684,8161
2020-05-14,103.79653663896684,103.79653663896684,102.03480500891908,102.93414872356628,7329
2020-05-15,102.93414872356628,102.93414872356628,100.53472131431651,101.4682079501834,8197
2020-05-16,101.4682079501834,101.61338635676998,100.6274812311068,101.53873188986212,9620
2020-05-17,101.53873188986212,101.53873188986212,100.23334668593937,100.4695154498976,1373
2020-05-18,100.4695154498976,100.4695154498976,98.28011329299694,98.90793297106148,8285
2020-05-19,98.90793297106148,99.41592509846824,98.44494327389756,99.20659759811484,8218
2020-05-20,99.20659759811484,99.20659759811484,98.314603072864,98.637755041216,3502
2020-05-21,98.637755041216,99.52750048221624,98.56216809779303,99.03465537900726,2834
2020-05-22,99.03465537900726,99.13578359581692,97.76560795447068,98.60997237746754,7083
2020-05-23,98.60997237746754,98.6270317558056,97.0252522507269,97.71240246690309,7562
2020-05-24,97.71240246690309,97.71240246690309,96.0152128648487,96.71758845581827,3375
2020-05-25,96.71758845581827,96.95688683586316,96.22880395706072,96.3056466776553,5383
2020-05-26,96.3056466776553,96.49990542987577,96.03620691999166,96.08694043265868,3239
2020-05-27,96.08694043265868,96.20327701176728,94.77024637885629,95.42817236544572,3527
2020-05-28,95.42817236544572,95.83877923424474,94.65803552383346,95.203286035195,9764
2020-05-29,95.203286035195,95.203286035195,93.81370121922448,93.974404198225,2445
2020-05-30,93.974404198225,94.7975908822938,93.974404198225,93.98599535420604,9536
2020-05-31,93.98599535420604,93.98599535420604,92.33324452324564,92.55107636076572,6558
2020-06-01,92.55107636076572,92.55107636076572,91.82044791088629,92.39599130720234,3710
2020-06-02,92.39599130720234,93.45319589975016,92.39599130720234,92.953826595026,9085
2020-06-03,92.953826595026,94.5529411347652,92.953826595026,93.82737763682186,6555
2020-06-04,93.82737763682186,95.93610563303868,93.82737763682186,95.19888183431712,1567
2020-06-05,95.19888183431712,95.19888183431712,93.34459377338574,93.95385171683816,2807
2020-06-06,93.95385171683816,94.95411722992696,93.95385171683816,94.56083187728176,1382
2020-06-07,94.56083187728176,95.53442176860482,94.56083187728176,95.52585763257444,6341
2020-06-08,95.52585763257444,97.0107085676342,95.52585763257444,96.31030322044482,1200
2020-06-09,96.31030322044482,96.31030322044482,95.56249500068807,95.56684416835982,1959
2020-06-10,95.56684416835982,96.5249844290871,95.12817459617762,95.8962816332526,2043
2020-06-11,95.8962816332526,97.4320295494558,95.8962816332526,97.38432617103432,4771
2020-06-12,97.38432617103432,97.38432617103432,95.79294969111436,96.18650725714905,2337
2020-06-13,96.18650725714905,97.17900244056968,96.18650725714905,96.56757741735484,7384
2020-06-14,96.56757741735484,97.58025627156516,96.56757741735484,97.45740980588212,9778
2020-06-15,97.45740980588212,97.45740980588212,96.51356468512203,96.90013699335525,7158
2020-06-16,96.90013699335525,97.5077341277662,96.90013699335525,97.366513235984,8182
2020-06-17,97.366513235984,97.36977016210044,96.0220679804089,96.5097992295881,7283
2020-06-18,96.5097992295881,96.60228895445898,95.60394515863948,95.86003236444272,7180
2020-06-19,95.86003236444272,95.86003236444272,94.79020404282568,95.20636816697964,5585
2020-06-20,95.20636816697964,95.85602691269833,95.20636816697964,95.36021432603476,9903
2020-06-21,95.36021432603476,96.21896393451644,94.80780714572192,95.28742931320856,8695
2020-06-22,95.28742931320856,96.2990963139022,95.28742931320856,96.0507214793862,5946
2020-06-23,96.0507214793862,96.0507214793862,94.44232419970244,95.29849818799504,1881
2020-06-24,95.29849818799504,95.29849818799504,94.51227185725357,95.19347766792106,5768
2020-06-25,95.19347766792106,96.55886088470672,95.19347766792106,95.96233883881186,3157
2020-06-26,95.96233883881186,96.59927757468624,95.96233883881186,96.41096057659982,3200
2020-06-27,96.41096057659982,96.41096057659982,94.62730582945616,95.35124750813485,3114
2020-06-28,95.35124750813485,96.75519050717482,95.19476429844045,95.883410456101,9235
2020-06-29,95.883410456101,95.883410456101,95.44958111532536,95.50067615225734,9804
2020-06-30,95.50067615225734,96.75778079706984,95.50067615225734,95.80898538257308,6731
2020-07-01,95.80898538257308,96.70248871860407,95.57327957641824,96.0495297145914,7184
2020-07-02,96.0495297145914,97.67589302795858,96.0495297145914,97.0249848217663,8890
2020-07-03,97.0249848217663,97.77225052487756,96.98492896473536,97.1182327735546,5554
2020-07-04,97.1182327735546,97.1182327735546,95.38192087786028,95.63518807634844,4970
2020-07-05,95.63518807634844,95.63518807634844,94.20883882290649,94.53930030116508,5144
2020-07-06,94.53930030116508,96.06370775443315,94.37540824584158,95.124223809507,3089
2020-07-07,95.124223809507,95.22288568419276,94.67140199888888,94.9175707429169,8170
2020-07-08,94.9175707429169,95.91828564641018,94.9175707429169,95.82795399099214,1250
2020-07-09,95.82795399099214,96.93249443049996,95.23973848049114,96.04670504533696,7599
2020-07-10,96.04670504533696,96.04670504533696,95.2118459909218,95.44745245658056,2347
2020-07-11,95.44745245658056,96.77114784853354,95.44745245658056,96.31337786435913,4514
2020-07-12,96.31337786435913,96.46537543439143,95.59020007221828,95.6674597191358,4958
2020-07-13,95.6674597191358,95.6674597191358,93.66572925505312,94.02535131251553,1031
2020-07-14,94.02535131251553,96.3654834264114,94.02535131251553,95.6763877533658,6604
2020-07-15,95.6763877533658,95.6763877533658,93.84353173964078,94.14778865126804,5602
2020-07-16,94.14778865126804,95.31109146317496,94.14778865126804,94.65691893845148,7711
2020-07-17,94.65691893845148,95.5517964486308,94.65691893845148,95.40800035361843,9739
2020-07-18,95.40800035361843,96.19717495392644,94.73062398063004,95.5256530440997,1171
2020-07-19,95.5256530440997,95.5256530440997,93.86444594836536,94.17893556918924,3088
2020-07-20,94.17893556918924,95.12520683913536,94.17893556918924,94.99094751755794,7108
2020-07-21,94.99094751755794,94.99094751755794,92.93247467938583,93.83771254424715,6686
2020-07-22,93.83771254424715,93.83771254424715,92.6121514262019,92.7628096923348,8629
2020-07-23,92.7628096923348,92.76834686575312,92.03596248823364,92.47347504220282,2438
2020-07-24,92.47347504220282,93.99375301732006,92.47347504220282,93.10427870149644,7753
2020-07-25,93.10427870149644,94.22035438933528,92.73027007774314,93.34436982608104,1285
2020-07-26,93.34436982608104,94.10253484277148,93.34436982608104,93.99298445471106,3418
2020-07-27,93.99298445471106,94.3347674983065,93.34113700852456,93.63806939027344,1784
2020-07-28,93.63806939027344,94.40021747633266,93.36167340654036,93.50032276102868,2709
2020-07-29,93.50032276102868,93.50032276102868,91.88975828670948,92.59061333049652,4020
2020-07-30,92.59061333049652,92.59061333049652,91.6653127598949,92.33712096791837,5534
2020-07-31,92.33712096791837,93.190212497007,92.04886029558148,92.81162348936628,2959
2020-08-01,92.81162348936628,93.0938708742006,92.17426916958765,92.5717610461862,2826
2020-08-02,92.5717610461862,93.29734987529903,92.5717610461862,92.95212869003788,4519
2020-08-03,92.95212869003788,92.95212869003788,91.66146606461666,92.49350928879826,1126
2020-08-04,92.49350928879826,92.49350928879826,91.9224502865947,92.01959601456647,7822
2020-08-05,92.01959601456647,92.05746931572108,91.84459542520376,92.05093093434851,3608
2020-08-06,92.05093093434851,92.17636194883818,91.86674567876014,91.8950257321019,5563
2020-08-07,91.8950257321019,92.76009459356465,91.8950257321019,92.36893392618308,5170
2020-08-08,92.36893392618308,93.04702468536522,91.86925098263544,92.51156611946784,2226
2020-08-09,92.51156611946784,94.8009584343389,92.51156611946784,93.9038431557821,4423
2020-08-10,93.9038431557821,93.9038431557821,93.21442446844895,93.7282475521733,8075
2020-08-11,93.7282475521733,93.87117748378414,93.46473971930791,93.54644543236826,7965
2020-08-12,93.54644543236826,93.54644543236826,91.89458467517056,92.7143405813401,7216
2020-08-13,92.7143405813401,93.49824528873064,92.64122540953024,92.73256295527544,9629
2020-08-14,92.73256295527544,93.38325051855392,92.73256295527544,93.2788261062132,9505
2020-08-15,93.2788261062132,93.31296323914135,92.48256858759724,92.68658959308812,9208
2020-08-16,92.68658959308812,92.7296722156595,91.82594852662696,92.64685178288042,2558
2020-08-17,92.64685178288042,94.10328509542354,92.64685178288042,93.22169719102428,8058
2020-08-18,93.22169719102428,93.36225409230772,92.33476348943827,93.12016987181572,3497
2020-08-19,93.12016987181572,93.26677030004504,92.18877076253706,92.70486003089717,4462
2020-08-20,92.70486003089717,93.92325433668128,92.70486003089717,93.48333455152132,9144
2020-08-21,93.48333455152132,94.03993053222484,92.82462165313169,93.56095020396631,3097
2020-08-22,93.56095020396631,94.0790887290752,93.56095020396631,93.87820180856065,6485
2020-08-23,93.87820180856065,95.15549134003204,93.87820180856065,94.81531656872905,2562
2020-08-24,94.81531656872905,96.00189530119536,94.81531656872905,95.73156930350476,5865
2020-08-25,95.73156930350476,96.04153598186144,94.87742479416578,95.45380595752552,3146
2020-08-26,95.45380595752552,95.45380595752552,94.67161249433713,95.0334621819472,5815
2020-08-27,95.0334621819472,95.82448607911287,94.66152511943852,95.2609093286129,5320
2020-08-28,95.2609093286129,95.66533795051114,94.4417115324644,95.15467930042186,6493
2020-08-29,95.15467930042186,95.15467930042186,92.96806236919724,93.63479024499598,8747
2020-08-30,93.63479024499598,95.57846223517755,93.63479024499598,94.6550796327287,8545
2020-08-31,94.6550796327287,95.17565540514477,94.07980712369312,94.6705686947281,2233
2020-09-01,94.6705686947281,95.7802208765337,94.6705686947281,95.25967106804688,3167
2020-09-02,95.25967106804688,95.25967106804688,93.86667031309082,94.32133781662272,3211
2020-09-03,94.32133781662272,95.87388808277689,94.32133781662272,95.35190066362944,8910
2020-09-04,95.35190066362944,95.35190066362944,94.01382815569497,94.8812904187796,4551
2020-09-05,94.8812904187796,95.02835651117508,94.7744867334606,94.79515676000096,6393
2020-09-06,94.79515676000096,94.79515676000096,93.43570965272032,93.67401702421904,9803
2020-09-07,93.67401702421904,93.77061354726442,93.29576743879224,93.54045723483377,6066
2020-09-08,93.54045723483377,93.97226467140162,93.05099895525886,93.35661408868116,3716
2020-09-09,93.35661408868116,94.0344655818789,92.92530121747824,93.20832565735978,2674
2020-09-10,93.20832565735978,94.30771771827918,93.20832565735978,93.55912945156444,7284
2020-09-11,93.55912945156444,94.34355138951972,93.1643920485819,93.60740612985924,8047
2020-09-12,93.60740612985924,94.589280675071,93.60740612985924,94.3880322299353,2716
2020-09-13,94.3880322299353,94.3880322299353,93.32700536253373,94.0135056814142,7381
2020-09-14,94.0135056814142,94.0135056814142,93.18984795450208,93.2166929544427,3390
2020-09-15,93.2166929544427,93.73284837210336,92.30400021670826,93.20140784114663,2412
2020-09-16,93.20140784114663,93.82108623524692,93.20140784114663,93.70410227018968,4672
2020-09-17,93.70410227018968,94.79468245259898,93.70410227018968,94.69981568856394,4629
2020-09-18,94.69981568856394,96.30241040211207,94.69981568856394,95.35095283701509,3602
2020-09-19,95.35095283701509,95.35095283701509,93.10815931179516,93.93860030288845,6627
2020-09-20,93.93860030288845,94.30017810581636,93.83037907072078,94.2402469893366,4127
2020-09-21,94.2402469893366,95.8965630747061,94.2402469893366,95.4085444076736,5108
2020-09-22,95.4085444076736,96.12436498228983,94.87585603442209,95.45860550075092,6230
2020-09-23,95.45860550075092,95.48322685892192,94.85995144111016,95.04577150063731,6616
2020-09-24,95.04577150063731,95.41828455724392,94.89194806158642,95.29310018279168,1798
2020-09-25,95.29310018279168,95.37903836359212,94.37644824170488,94.8905065954148,9226
2020-09-26,94.8905065954148,95.46771045700068,94.8905065954148,95.40179712813804,1472
2020-09-27,95.40179712813804,96.08815911753072,94.6269483180253,95.39140155097196,5433
2020-09-28,95.39140155097196,97.41203544882092,95.39140155097196,96.50580165496916,7672
2020-09-29,96.50580165496916,96.94603122973535,96.38988195680956,96.9054038537619,4341
2020-09-30,96.9054038537619,96.9054038537619,95.67232854799327,96.32629610448537,7110
2020-10-01,96.32629610448537,97.61435768751414,95.94034865685153,96.81000113159214,3818
2020-10-02,96.81000113159214,98.18373460476842,96.81000113159214,97.55881049177702,2600
2020-10-03,97.55881049177702,97.55881049177702,96.9178434803797,97.10404580794122,7904
2020-10-04,97.10404580794122,97.10404580794122,96.64367317716572,96.76341028594511,4714
2020-10-05,96.76341028594511,96.76341028594511,94.0052804276904,94.91926366706414,3026
2020-10-06,94.91926366706414,95.68814638030445,94.91926366706414,95.6419884582365,4968
2020-10-07,95.6419884582365,95.96820020377552,94.48830739320526,95.17178495107666,3987
2020-10-08,95.17178495107666,95.17178495107666,93.31835624806052,93.4739053734505,4978
2020-10-09,93.4739053734505,93.4739053734505,91.2045821622987,92.05888801338676,8342
2020-10-10,92.05888801338676,92.5888381447092,91.76519013707738,91.88052788823036,4380
2020-10-11,91.88052788823036,92.68747390213206,91.86447289766636,92.48905586457523,6012
2020-10-12,92.48905586457523,92.89267034719084,92.39318101240568,92.41780416952722,8005
2020-10-13,92.41780416952722,93.26492029113936,91.99321700131838,92.79522637682864,2455
2020-10-14,92.79522637682864,92.79522637682864,91.5571675002557,91.9140266754486,8892
2020-10-15,91.9140266754486,91.9140266754486,90.27047478695752,90.8409341737906,9883
2020-10-16,90.8409341737906,92.18909867752735,90.8409341737906,91.54951081912378,8170
2020-10-17,91.54951081912378,92.12618752243436,91.54951081912378,91.94322638646364,7843
2020-10-18,91.94322638646364,92.31485399383892,91.5010507478934,91.91881930651051,8732
2020-10-19,91.91881930651051,93.23198845813695,91.91881930651051,92.94449340652469,6181
2020-10-20,92.94449340652469,93.04762095233303,91.46146426468096,92.18354104005452,4942
2020-10-21,92.18354104005452,92.46070387551096,91.4291174760522,91.84732798260862,1666
2020-10-22,91.84732798260862,93.54352950372214,91.84732798260862,92.66842504725884,5608
2020-10-23,92.66842504725884,94.86044797313473,92.66842504725884,94.13866056101732,3692
2020-10-24,94.13866056101732,94.89067737242684,93.761328579185,94.14540104099056,5060
2020-10-25,94.14540104099056,95.78522379627638,94.14540104099056,95.48901656707162,4380
2020-10-26,95.48901656707162,95.81334512808628,94.6589533700694,95.00700807511696,8726
2020-10-27,95.00700807511696,95.58975227956404,94.62628064692925,95.27080795361915,3823
2020-10-28,95.27080795361915,95.9184682365747,94.5995575042741,95.1317490872057,8739
2020-10-29,95.1317490872057,95.1317490872057,92.92994199272265,93.8611503220934,8579
2020-10-30,93.8611503220934,94.54687704870878,93.36321382079385,94.06752859012768,4857
2020-10-31,94.06752859012768,94.97523159397664,94.02829178073756,94.8137283446224,2035
2020-11-01,94.8137283446224,95.26410663342938,94.55582320076498,94.69511472546942,2962
2020-11-02,94.69511472546942,95.22977807367258,94.14626709042324,94.63875062526424,7481
2020-11-03,94.63875062526424,96.40953209469116,94.63875062526424,95.75309247880772,4615
2020-11-04,95.75309247880772,95.75309247880772,94.52698030004834,94.75332162264738,6625
2020-11-05,94.75332162264738,94.75332162264738,93.24725428113854,93.55525096790556,8180
2020-11-06,93.55525096790556,93.55525096790556,92.50239024286893,93.03201965224144,3621
2020-11-07,93.03201965224144,93.03201965224144,91.69300850486776,92.0747214233848,3791
2020-11-08,92.0747214233848,93.36833167072774,92.0747214233848,93.15175284455248,8877
2020-11-09,93.15175284455248,94.23731856790404,93.05823145712674,93.39950413858008,4020
2020-11-10,93.39950413858008,93.61228534037704,91.7937110385625,92.7082296552405,7325
2020-11-11,92.7082296552405,92.7082296552405,91.82710038064174,92.21664632445628,5894
2020-11-12,92.21664632445628,95.1897730609134,92.21664632445628,94.5055000770345,4507
2020-11-13,94.5055000770345,94.5055000770345,93.08387657545616,94.0174280401598,9019
2020-11-14,94.0174280401598,94.0174280401598,92.82760893595533,93.40780830611877,5993
2020-11-15,93.40780830611877,93.85964685991296,92.73639599188292,93.65125404206184,4065
2020-11-16,93.65125404206184,94.50213804973748,93.22044512600206,94.16185600980144,3414
2020-11-17,94.16185600980144,94.35610429488388,93.5703358247594,94.33920148066105,4928
2020-11-18,94.33920148066105,94.33920148066105,92.9429813091569,93.61230078748233,7257
2020-11-19,93.61230078748233,93.61230078748233,92.48002340568986,92.6849511314312,3074
2020-11-20,92.6849511314312,93.48417262233008,92.6849511314312,93.16186357402984,9814
2020-11-21,93.16186357402984,93.92645221664104,93.06911212821517,93.1185114252118,8147
2020-11-22,93.1185114252118,93.1185114252118,91.60610814586822,91.8053650490209,1821
2020-11-23,91.8053650490209,93.16721964972466,91.8053650490209,92.74216584368816,2008
2020-11-24,92.74216584368816,93.65255971937871,92.74216584368816,93.36242905209656,1337
2020-11-25,93.36242905209656,93.73168874763893,92.46642844895048,93.16966567921205,2746
2020-11-26,93.16966567921205,93.33844300213786,92.68163384155518,92.96145454107057,9958
2020-11-27,92.96145454107057,93.977115672593,92.568598039216,93.14662237178456,6696
2020-11-28,93.14662237178456,93.14662237178456,92.26281038854825,92.59701497707232,7022
2020-11-29,92.59701497707232,92.59701497707232,91.31600402197748,91.5183650089444,3052
2020-11-30,91.5183650089444,91.79020238872695,91.06425491216145,91.77637921427144,3615
2020-12-01,91.77637921427144,91.77637921427144,90.359877497692,90.62510995730082,9223
2020-12-02,90.62510995730082,91.02363393671855,90.4658279456106,90.93769139993208,4049
2020-12-03,90.93769139993208,90.93769139993208,89.55924869264702,89.78472542485132,6124
2020-12-04,89.78472542485132,90.31527486528718,89.12371817209471,89.70535804061709,9390
2020-12-05,89.70535804061709,90.1174222942532,89.44074657227607,89.59684240977293,5533
2020-12-06,89.59684240977293,91.88288688073192,89.59684240977293,91.02294581748578,2052
2020-12-07,91.02294581748578,91.02294581748578,89.606202154673,90.17143916981864,4987
2020-12-08,90.17143916981864,90.17143916981864,88.59928938831278,89.03948251481279,7660
2020-12-09,89.03948251481279,89.03948251481279,87.94627580483196,88.52254067019453,5819
2020-12-10,88.52254067019453,88.52254067019453,87.5551488511595,87.62355472903127,2585
2020-12-11,87.62355472903127,87.68984506045086,86.47417852761667,87.15174475616546,8773
2020-12-12,87.15174475616546,88.21973547130109,87.15174475616546,87.48838553918517,7653
2020-12-13,87.48838553918517,88.35452369064355,87.263359471084,88.10596748238706,7277
2020-12-14,88.10596748238706,89.83935493175902,88.10596748238706,89.43361650316072,6473
2020-12-15,89.43361650316072,89.43361650316072,88.13272912741206,88.8442771658969,5533
2020-12-16,88.8442771658969,91.21823840871689,88.8442771658969,90.9551082074973,8667
2020-12-17,90.9551082074973,93.07284423180856,90.9551082074973,92.54085647188496,8292
2020-12-18,92.54085647188496,93.2270131292712,91.46179515446876,92.37803503184472,4140
2020-12-19,92.37803503184472,92.37803503184472,89.89564662948901,90.54489904856888,3019
2020-12-20,90.54489904856888,90.99032177679057,89.88077686033078,90.4784092038612,2356
2020-12-21,90.4784092038612,90.55829993429693,90.4784092038612,90.53641535076922,8377
2020-12-22,90.53641535076922,90.53641535076922,88.66478405014178,88.69701624844186,7946
2020-12-23,88.69701624844186,89.33806450881549,88.1982190907566,88.7560817345018,1824
2020-12-24,88.7560817345018,89.41530225054042,88.18378863395684,88.59595832424044,6393
2020-12-25,88.59595832424044,88.59595832424044,87.53598605923155,87.9673892966807,3848
2020-12-26,87.9673892966807,89.2017002215593,87.9673892966807,88.46869265494507,2266
2020-12-27,88.46869265494507,90.058101552651,88.46869265494507,89.27297135904685,5067
2020-12-28,89.27297135904685,89.27297135904685,88.0930911681525,88.8840295789943,8858
2020-12-29,88.8840295789943,89.87351089338397,88.74255626617412,89.06761338743108,9789
2020-12-30,89.06761338743108,89.0709429763528,87.68413683367706,88.54377989376711,4664
2020-12-31,88.54377989376711,88.65839714553015,87.76785457872253,87.91449547521623,8151
2021-01-01,87.91449547521623,88.5707818037745,87.51024207691748,87.97809285167222,8595
2021-01-02,87.97809285167222,88.99677801443923,87.83261266285066,88.39683009892792,6195
2021-01-03,88.39683009892792,88.71556990762797,87.34280270022198,87.94619581195084,2319
2021-01-04,87.94619581195084,87.94619581195084,85.48116829331336,86.17526000263211,7869
2021-01-05,86.17526000263211,86.99806577442018,85.98863855248305,86.64388787677947,3133
2021-01-06,86.64388787677947,86.64388787677947,84.66839264394669,85.36664162616498,9976
2021-01-07,85.36664162616498,86.29213287945836,85.36664162616498,85.464240524752,2339
2021-01-08,85.464240524752,87.11680358221066,85.464240524752,86.88746150973155,3980
2021-01-09,86.88746150973155,87.20129156994139,86.75836559642683,86.87399787348751,9911
2021-01-10,86.87399787348751,86.87399787348751,85.75206671422647,85.92219786976065,8908
2021-01-11,85.92219786976065,85.92219786976065,84.14457608405891,84.75325463246604,5750
2021-01-12,84.75325463246604,86.19021538126782,84.75325463246604,85.68962385274138,6672
2021-01-13,85.68962385274138,85.8421396808543,85.07039414708774,85.67606505633151,9186
2021-01-14,85.67606505633151,86.47455345936375,85.59192176721038,86.10785584988514,7700
2021-01-15,86.10785584988514,87.3775635099038,86.10785584988514,86.84889728823953,5252
2021-01-16,86.84889728823953,87.14420171159944,86.64849718477018,86.80969545316866,1207
2021-01-17,86.80969545316866,87.21651016108667,85.8181810660076,86.56281206225876,1448
2021-01-18,86.56281206225876,86.56281206225876,85.14180445025994,85.80493390451205,3542
2021-01-19,85.80493390451205,85.80493390451205,82.70888145662693,83.33893009193793,1418
2021-01-20,83.33893009193793,83.33893009193793,81.35932308006583,82.12452969676878,9771
2021-01-21,82.12452969676878,82.52350301392008,81.74431148667098,82.0688548913634,4899
2021-01-22,82.0688548913634,82.29866254507428,81.58299674146669,81.92864527832583,6380
2021-01-23,81.92864527832583,82.3840044559608,81.86401161995863,82.25149317677025,7178
2021-01-24,82.25149317677025,82.96087815433152,81.86285275861931,82.15014370620389,9819
2021-01-25,82.15014370620389,82.42073629120195,81.8570158392063,82.27762971618692,8776
2021-01-26,82.27762971618692,83.22674360000674,82.27762971618692,82.9078687494995,4811
2021-01-27,82.9078687494995,82.9078687494995,81.71697595938525,82.19983279863571,7585
2021-01-28,82.19983279863571,82.73512001231467,81.82548567276343,81.97010647931255,9146
2021-01-29,81.97010647931255,81.97010647931255,80.09920887741728,80.68433621386218,6154
2021-01-30,80.68433621386218,81.55600630222776,80.68433621386218,81.4626504442567,1679
2021-01-31,81.4626504442567,82.06931560381986,81.32451765782058,81.49338478100485,7523
2021-02-01,81.49338478100485,82.66393430654003,81.49338478100485,81.8852424907104,6643
2021-02-02,81.8852424907104,83.49489396178623,81.8852424907104,83.11922901092555,7622
2021-02-03,83.11922901092555,84.82102110666112,83.11922901092555,83.9828656872887,2394
2021-02-04,83.9828656872887,84.20508795378261,83.24033287955527,83.93486453287375,3509
2021-02-05,83.93486453287375,85.30967886823888,83.93486453287375,84.5650128061642,1848
2021-02-06,84.5650128061642,84.5650128061642,82.83644847744702,83.41964951446877,3129
2021-02-07,83.41964951446877,84.33603478301501,83.41964951446877,83.76677707154028,7872
2021-02-08,83.76677707154028,84.62038630751087,83.06340043811376,83.87790513151265,1277
2021-02-09,83.87790513151265,83.87790513151265,82.0457054088543,82.58328992415629,5099
2021-02-10,82.58328992415629,84.36231027972879,82.58328992415629,83.6531459465063,8616
2021-02-11,83.6531459465063,83.6531459465063,82.41989033143754,83.08988420550087,2721
2021-02-12,83.08988420550087,83.9042657542049,83.08988420550087,83.63646718127862,8209
2021-02-13,83.63646718127862,83.63646718127862,82.60513958932368,83.30051923600638,5727
2021-02-14,83.30051923600638,84.65175575791531,83.30051923600638,84.09535354796327,4444
2021-02-15,84.09535354796327,85.46477204087546,84.09535354796327,85.14516295876295,4836
2021-02-16,85.14516295876295,85.14516295876295,83.71303789832139,84.48112337630644,9227
2021-02-17,84.48112337630644,84.48112337630644,82.70191591844173,83.25680442120297,8953
2021-02-18,83.25680442120297,83.25680442120297,82.51521061932927,83.15167638151289,5442
2021-02-19,83.15167638151289,83.91200613269174,83.15167638151289,83.8308096911347,2726
2021-02-20,83.8308096911347,84.06914310246061,82.86975964931594,83.5337599610477,6125
2021-02-21,83.5337599610477,83.5337599610477,82.4323584188683,83.04294109388256,5289
2021-02-22,83.04294109388256,83.68181605168377,82.64654082164643,83.43356689877534,6961
2021-02-23,83.43356689877534,83.43356689877534,80.61104421819155,81.22435292431904,8084
2021-02-24,81.22435292431904,81.22435292431904,80.1947547162935,80.69258046553205,7291
2021-02-25,80.69258046553205,80.69258046553205,78.96603547300334,79.5855434243286,2006
2021-02-26,79.5855434243286,80.15065606391322,79.34056190487355,79.82139438740504,5336
2021-02-27,79.82139438740504,79.848256929272,78.84994351807752,79.23239495476165,8665
2021-02-28,79.23239495476165,79.23239495476165,77.57267770253742,78.34026082826483,8148
2021-03-01,78.34026082826483,78.34026082826483,77.67140886024774,78.05719588913574,4619
2021-03-02,78.05719588913574,78.05719588913574,76.80481441764498,76.88246915145928,2253
2021-03-03,76.88246915145928,77.00481145253416,76.83689913978439,76.87197015674386,3119
2021-03-04,76.87197015674386,76.87197015674386,76.04450702606823,76.32607227623939,3581
2021-03-05,76.32607227623939,76.49830577780922,75.67724099305727,76.02413704681851,8230
2021-03-06,76.02413704681851,76.02413704681851,75.03070239094026,75.4504265697217,2244
2021-03-07,75.4504265697217,76.74675710443522,75.4504265697217,76.18023689040368,8137
2021-03-08,76.18023689040368,76.66671369971515,75.67434248642881,76.09315394492688,4226
2021-03-09,76.09315394492688,76.87724108968057,75.77936383268576,76.51276341105427,6991
2021-03-10,76.51276341105427,77.1450162053766,76.31856221143994,76.8965916890632,4655
2021-03-11,76.8965916890632,76.8965916890632,75.71531710911813,76.25167092623418,8654
2021-03-12,76.25167092623418,77.37493241813806,76.25167092623418,76.70764960499773,1111
2021-03-13,76.70764960499773,77.74436907635128,76.30609979312275,76.9869363843915,5513
2021-03-14,76.9869363843915,77.45447503579321,76.9869363843915,77.23785523893321,5133
2021-03-15,77.23785523893321,77.23785523893321,76.32088859423472,76.91890061364961,2586
2021-03-16,76.91890061364961,77.07195181290044,76.03122151944567,76.57742534107918,3435
2021-03-17,76.57742534107918,77.80716660780047,76.57742534107918,77.20586692630965,1120
2021-03-18,77.20586692630965,79.6188456347294,77.20586692630965,78.95143458006862,6496
2021-03-19,78.95143458006862,78.95143458006862,78.16834206575795,78.28733285450838,3840
2021-03-20,78.28733285450838,79.25047952617163,78.28733285450838,78.71489142068758,2247
2021-03-21,78.71489142068758,78.9096717628483,78.15858154576766,78.42188939809313,7249
2021-03-22,78.42188939809313,79.06117952656577,78.42188939809313,79.04977467753466,1913
2021-03-23,79.04977467753466,79.78928628472646,78.98713151635765,79.40042532341317,8381
2021-03-24,79.40042532341317,80.81712079827871,79.40042532341317,80.24852576294907,7058
2021-03-25,80.24852576294907,80.24852576294907,77.3189005188428,78.0126979535454,5691
2021-03-26,78.0126979535454,78.0126979535454,77.41994155032033,77.53183181089227,7708
2021-03-27,77.53183181089227,77.53183181089227,76.10900074865965,76.74128363628037,1669
2021-03-28,76.74128363628037,77.07211303238664,76.23765021257863,76.65489349921687,3552
2021-03-29,76.65489349921687,76.65489349921687,75.90749506371687,76.07580087437549,2294
2021-03-30,76.07580087437549,76.13092912183808,74.9010562174852,75.56302042834365,6133
2021-03-31,75.56302042834365,76.64785276159134,75.56302042834365,76.10850828441697,6950
2021-04-01,76.10850828441697,77.8045523541613,76.10850828441697,77.63005079993684,2143
2021-04-02,77.63005079993684,77.63005079993684,74.71778903718385,75.37098634684773,8225
2021-04-03,75.37098634684773,75.37098634684773,74.91794639440677,75.12262634156231,2820
2021-04-04,75.12262634156231,75.68267406555772,74.94145263709483,75.37226937508436,3797
2021-04-05,75.37226937508436,76.09955634904138,74.86432541193695,75.37605585472744,8132
2021-04-06,75.37605585472744,75.39330764873442,74.5412079430224,75.09994778652754,8020
2021-04-07,75.09994778652754,75.09994778652754,73.48678180054252,74.01717374340186,7511
2021-04-08,74.01717374340186,74.01717374340186,72.65379457911881,73.26303585808773,7491
2021-04-09,73.26303585808773,74.01978357964268,73.26303585808773,73.84302143665131,2934
2021-04-10,73.84302143665131,75.08232977972268,73.84302143665131,74.70363140489647,1279
2021-04-11,74.70363140489647,74.89394592272959,74.36436217786688,74.78097107142791,7263
2021-04-12,74.78097107142791,74.78097107142791,73.74612340730306,74.11203317538963,3384
2021-04-13,74.11203317538963,74.68567187922831,74.08975077055123,74.18860195104283,1636
2021-04-14,74.18860195104283,74.24992897596012,73.67593560468259,73.99657012862468,8424
2021-04-15,73.99657012862468,74.95316890983621,73.8549317572288,74.43305382467818,9796
2021-04-16,74.43305382467818,74.69705493894409,74.19638327148517,74.52769311882598,4818
2021-04-17,74.52769311882598,74.52769311882598,73.73997915598947,74.03026150618786,4989
2021-04-18,74.03026150618786,74.84513305099479,73.82945705056615,74.1827999584111,9141
2021-04-19,74.1827999584111,74.1827999584111,72.82551511226526,73.23927621145693,9066
2021-04-20,73.23927621145693,73.98589369293992,73.23927621145693,73.89528574654298,9513
2021-04-21,73.89528574654298,75.15598175942569,73.89528574654298,74.84115392800672,6233
2021-04-22,74.84115392800672,74.84115392800672,73.68475348165394,73.89835067294865,5831
2021-04-23,73.89835067294865,74.28435952313042,73.89835067294865,74.23518824491082,8150
2021-04-24,74.23518824491082,74.23518824491082,73.21008981011857,73.44217843818603,2181
2021-04-25,73.44217843818603,74.38254918092998,73.44217843818603,74.29952592680937,8538
2021-04-26,74.29952592680937,75.18364576566515,74.29952592680937,75.02282082123658,5526
2021-04-27,75.02282082123658,75.02282082123658,74.58285741599106,74.8386783052809,4198
2021-04-28,74.8386783052809,75.71878892307039,74.8386783052809,75.63462527283545,9145
2021-04-29,75.63462527283545,75.63462527283545,74.87992578140972,75.28975234800254,4421
2021-04-30,75.28975234800254,75.28975234800254,74.05906766877932,74.77534448280097,7769
2021-05-01,74.77534448280097,74.77534448280097,73.89672644935801,74.32036856712975,6303
2021-05-02,74.32036856712975,74.53061208199667,73.53674156551854,74.20768792482255,4585
2021-05-03,74.20768792482255,74.20768792482255,73.53891885291408,73.94895862590734,2153
2021-05-04,73.94895862590734,74.17234733596057,73.81381927178255,74.07243461504939,7115
2021-05-05,74.07243461504939,74.07243461504939,72.95555129425331,73.58038777968763,3606
2021-05-06,73.58038777968763,74.89049406992208,73.58038777968763,74.1921446637232,4886
2021-05-07,74.1921446637232,75.27048235947039,74.1921446637232,75.00892006436597,4371
2021-05-08,75.00892006436597,75.00892006436597,74.21628579989932,74.61223052147466,1640
2021-05-09,74.61223052147466,74.61223052147466,73.23274739425698,73.47049071323693,9636
2021-05-10,73.47049071323693,74.63248864757526,73.47049071323693,74.04958930139651,7955
2021-05-11,74.04958930139651,75.48195206302529,74.04958930139651,74.96043459286197,5322
2021-05-12,74.96043459286197,75.49727748472957,74.607305532891,74.82983587751411,3225
2021-05-13,74.82983587751411,74.82983587751411,73.73691455817931,73.80062223156038,4556
2021-05-14,73.80062223156038,74.13689032548491,73.34504078701674,74.01403096573087,2068
2021-05-15,74.01403096573087,75.6943650672728,74.01403096573087,75.23376546893707,6813
2021-05-16,75.23376546893707,75.23376546893707,73.56243326501455,73.73270419211266,8914
2021-05-17,73.73270419211266,74.72990435305329,73.73270419211266,74.11504474864003,4091
2021-05-18,74.11504474864003,74.11504474864003,73.2881019613714,73.8641371177324,5545
2021-05-19,73.8641371177324,73.8641371177324,72.46423771328307,73.17959809022717,7796
2021-05-20,73.17959809022717,73.5855693641649,73.17959809022717,73.5781577257008,7183
2021-05-21,73.5781577257008,73.5781577257008,72.37045803429746,72.53909381853408,7868
2021-05-22,72.53909381853408,73.028529663987,72.05169107204384,72.7766495860329,2626
2021-05-23,72.7766495860329,73.89692262360342,72.7766495860329,73.82725674524036,8579
2021-05-24,73.82725674524036,74.57579577433611,73.33120806018378,73.96860822406954,9088
2021-05-25,73.96860822406954,73.96860822406954,72.99974111737055,73.2675502812593,1160
2021-05-26,73.2675502812593,73.2675502812593,71.63575687011813,71.84410330990798,8986
2021-05-27,71.84410330990798,71.84410330990798,70.19886293703286,70.81853676406249,4048
2021-05-28,70.81853676406249,70.81853676406249,69.20223767244754,69.34555906014648,1851
2021-05-29,69.34555906014648,71.03495208144734,69.34555906014648,70.62526500409075,7387
2021-05-30,70.62526500409075,70.68538246642127,70.1662079133788,70.42567740334587,9040
2021-05-31,70.42567740334587,70.42567740334587,69.3563870699563,69.58954617982965,2836
2021-06-01,69.58954617982965,69.58954617982965,68.43684539537448,68.55097921128691,7027
2021-06-02,68.55097921128691,68.55097921128691,67.50104420055382,67.69718295963699,2512
2021-06-03,67.69718295963699,67.87447413501047,67.31164312346999,67.42850866219456,9147
2021-06-04,67.42850866219456,67.42850866219456,66.04872871516966,66.40242017068127,3462
2021-06-05,66.40242017068127,68.19213341489375,66.40242017068127,67.7434662461136,3342
2021-06-06,67.7434662461136,67.7434662461136,66.7992735524251,67.14555473332075,3513
2021-06-07,67.14555473332075,67.14555473332075,66.47248165828456,66.51948841835961,9494
2021-06-08,66.51948841835961,66.95864876688184,66.37155736403794,66.76569495408398,2325
2021-06-09,66.76569495408398,68.43276686809176,66.76569495408398,67.92616243904195,1820
2021-06-10,67.92616243904195,69.08834669358754,67.92616243904195,68.98534327775576,8986
2021-06-11,68.98534327775576,68.98534327775576,68.26277998523963,68.59508781615409,2186
2021-06-12,68.59508781615409,69.16524956674732,68.13155613053593,68.79943023411295,4138
2021-06-13,68.79943023411295,68.92451187153502,68.34885019247642,68.918866593701,3749
2021-06-14,68.918866593701,69.89562969798702,68.918866593701,69.34278218690672,5890
2021-06-15,69.34278218690672,69.93297198357612,69.34278218690672,69.54734589412432,5525
2021-06-16,69.54734589412432,69.54734589412432,68.68203468615177,68.79228318791297,1897
2021-06-17,68.79228318791297,68.79228318791297,67.75306262934049,67.78413109107248,5787
2021-06-18,67.78413109107248,68.40706884996074,67.76544734679338,67.92465552876033,2689
2021-06-19,67.92465552876033,67.92465552876033,66.65073071144947,66.97782503523246,8698
2021-06-20,66.97782503523246,68.53258284224405,66.97782503523246,68.06840374608531,3220
2021-06-21,68.06840374608531,68.44322458835188,67.9827823469366,68.10034759542205,5622
2021-06-22,68.10034759542205,68.10034759542205,66.97377270397433,67.27948554525226,4216
2021-06-23,67.27948554525226,67.27948554525226,66.7265625869481,67.02217766363358,5812
2021-06-24,67.02217766363358,67.02217766363358,66.07707533551407,66.61633183196619,2765
2021-06-25,66.61633183196619,66.74819416075628,65.89856876988357,66.51133997543477,3723
2021-06-26,66.51133997543477,67.4873515915487,66.51133997543477,67.26801905515444,2691
2021-06-27,67.26801905515444,67.26801905515444,65.79048085647311,66.1124767092164,7207
2021-06-28,66.1124767092164,66.1124767092164,64.06851919739033,64.61841532101502,2103
2021-06-29,64.61841532101502,65.21816503066617,64.48641335238943,64.88885608342997,3236
2021-06-30,64.88885608342997,64.99212241748903,64.68117548101326,64.74702978957026,9757
2021-07-01,64.74702978957026,65.09020593682867,64.74702978957026,64.87760982004039,5289
2021-07-02,64.87760982004039,65.38389758637348,64.83852834601247,65.23324704920333,3943
2021-07-03,65.23324704920333,65.70618893553056,64.64472642817043,65.08840834727556,7053
2021-07-04,65.08840834727556,66.20965464099697,65.08840834727556,65.72816013686989,1397
2021-07-05,65.72816013686989,65.72816013686989,64.69914526899205,65.0137589209071,4153
2021-07-06,65.0137589209071,65.45404060853902,64.67963520994661,65.06526099631674,9666
2021-07-07,65.06526099631674,65.06526099631674,63.9736184425841,64.40065138879666,7521
2021-07-08,64.40065138879666,64.40065138879666,63.050011264001824,63.49672685405576,2987
2021-07-09,63.49672685405576,64.16960802365004,63.49672685405576,63.98908598149604,3791
2021-07-10,63.98908598149604,64.75188281085491,63.98908598149604,64.4443284950602,3622
2021-07-11,64.4443284950602,64.4443284950602,62.682503631325055,62.89074443042411,3430
2021-07-12,62.89074443042411,62.89074443042411,61.69338652505218,61.99314503715341,7347
2021-07-13,61.99314503715341,62.78333588509595,61.98192664137119,62.2267325011667,9149
2021-07-14,62.2267325011667,63.624803351340894,62.2267325011667,63.08291813684105,6102
2021-07-15,63.08291813684105,63.08291813684105,62.05603341818278,62.55014987946358,8406
2021-07-16,62.55014987946358,62.73254033997091,62.07737869677909,62.40310178316032,1772
2021-07-17,62.40310178316032,62.40310178316032,60.736495186158606,61.2724244854619,4411
2021-07-18,61.2724244854619,63.87041195682619,61.2724244854619,63.28107359194491,2133
2021-07-19,63.28107359194491,64.20495736936707,63.28107359194491,63.66117053605531,8200
2021-07-20,63.66117053605531,64.71555717634752,63.66117053605531,64.37686102201795,8509
2021-07-21,64.37686102201795,65.39275299085814,64.33851052840124,64.9032777188473,4662
2021-07-22,64.9032777188473,66.24015075848574,64.9032777188473,65.6498726447339,7766
2021-07-23,65.6498726447339,66.33773374209775,65.63993236455507,66.13633896698175,2644
2021-07-24,66.13633896698175,66.24612777617845,65.81733989987,65.8681889334649,7750
2021-07-25,65.8681889334649,67.1008148201473,65.8681889334649,66.46339952188738,1093
2021-07-26,66.46339952188738,66.67533664474334,66.46339952188738,66.52671147010449,6186
2021-07-27,66.52671147010449,67.66540177963132,66.52671147010449,67.56397231921744,2327
2021-07-28,67.56397231921744,67.61130805751755,66.63251644163836,66.97553404553543,3016
2021-07-29,66.97553404553543,67.12537791574661,65.90412565685341,66.54252558766007,6969
2021-07-30,66.54252558766007,67.10075721599105,66.54252558766007,67.07144895918051,9387
2021-07-31,67.07144895918051,68.49013794391153,67.07144895918051,68.0951653066551,4537
2021-08-01,68.0951653066551,68.65162649632668,68.0951653066551,68.21129437167771,2467
2021-08-02,68.21129437167771,68.21129437167771,67.213722639762,67.64127217386093,5809
2021-08-03,67.64127217386093,67.96237130630729,67.03685924757194,67.54610747617198,2764
2021-08-04,67.54610747617198,67.54610747617198,66.73767457341724,67.14752821292112,1829
2021-08-05,67.14752821292112,69.08213967563586,67.14752821292112,68.66499827697538,6807
2021-08-06,68.66499827697538,69.81391098690875,68.66499827697538,69.38396559669062,9477
2021-08-07,69.38396559669062,70.46049125467611,69.38396559669062,70.39551999717483,1528
2021-08-08,70.39551999717483,70.75964229156756,70.18281006883484,70.63675579162873,4758
2021-08-09,70.63675579162873,70.63675579162873,69.82236736675577,70.19265736822449,9500
2021-08-10,70.19265736822449,71.79130475242897,70.19265736822449,71.1312682838579,6118
2021-08-11,71.1312682838579,72.79280295753833,71.1312682838579,72.45442791073773,5683
2021-08-12,72.45442791073773,73.36747411854444,72.31617931344505,72.91999534819345,7414
2021-08-13,72.91999534819345,73.60657712136269,72.36953914383706,72.9005934931175,2729
2021-08-14,72.9005934931175,73.83945769675893,72.9005934931175,73.7653725172734,6755
2021-08-15,73.7653725172734,73.7653725172734,73.28017907676553,73.4684806363115,8416
2021-08-16,73.4684806363115,74.28856112710177,73.4684806363115,74.080113106079,8218
2021-08-17,74.080113106079,74.1864832512851,73.0937937031252,73.51084573303591,1041
2021-08-18,73.51084573303591,73.51084573303591,72.0671569851837,72.73455302186363,7645
2021-08-19,72.73455302186363,73.28325837841734,72.46802173207116,73.18770892579033,4184
2021-08-20,73.18770892579033,73.51018198361815,72.80000018248741,73.45805309252955,4590
2021-08-21,73.45805309252955,75.10893499344006,73.45805309252955,74.98149819200313,5113
2021-08-22,74.98149819200313,75.44188791648862,74.21958843065174,74.75741254041813,6842
2021-08-23,74.75741254041813,75.09102886636133,74.14154725748757,74.77617058426017,2366
2021-08-24,74.77617058426017,74.77617058426017,73.75615897725413,73.86421913201326,7234
2021-08-25,73.86421913201326,73.86421913201326,72.14243234867601,72.36879494081124,7886
2021-08-26,72.36879494081124,72.36879494081124,70.92639034866419,70.94414289990378,8847
2021-08-27,70.94414289990378,71.70134416694441,70.86962834910452,71.31462920726312,6674
2021-08-28,71.31462920726312,71.31462920726312,69.7263580132596,70.37331793535394,5440
2021-08-29,70.37331793535394,71.64140084586721,70.37331793535394,71.27474750570724,3276
2021-08-30,71.27474750570724,73.05938909814037,71.27474750570724,72.41256093964215,1233
2021-08-31,72.41256093964215,72.86852909764647,72.03979621429512,72.1842381366783,3370
2021-09-01,72.1842381366783,73.80333256282775,72.1842381366783,73.51097796329623,5116
2021-09-02,73.51097796329623,74.05171730965475,73.42011987284981,73.69273770457903,6498
2021-09-03,73.69273770457903,75.18785734603266,73.69273770457903,74.59270137039744,8342
2021-09-04,74.59270137039744,74.70753047683654,74.13504200267612,74.41213629752716,5630
2021-09-05,74.41213629752716,75.35965593406749,74.41213629752716,75.17947295318564,3063
2021-09-06,75.17947295318564,75.17947295318564,74.23841120245984,74.42481920690817,6077
2021-09-07,74.42481920690817,75.2826844231343,74.42481920690817,74.92296519912136,3692
2021-09-08,74.92296519912136,74.92296519912136,74.05577135420735,74.5555915618242,2103
2021-09-09,74.5555915618242,75.02041724928448,74.26549070852799,74.45114372420994,9482
2021-09-10,74.45114372420994,75.45663708531241,74.45114372420994,74.95651857807414,1534
2021-09-11,74.95651857807414,75.79506783645301,74.95651857807414,75.0946879388506,1057
2021-09-12,75.0946879388506,75.59555360344369,74.30553935906056,75.0351879651006,8952
2021-09-13,75.0351879651006,75.96019318540718,75.0351879651006,75.61741129114269,6606
2021-09-14,75.61741129114269,76.39926120817555,75.61741129114269,76.2599762867767,8216
2021-09-15,76.2599762867767,76.2599762867767,74.40267656225191,75.15197064427272,7675
2021-09-16,75.15197064427272,76.26958758019056,75.15197064427272,75.59912613686865,3946
2021-09-17,75.59912613686865,76.61984167776838,75.59912613686865,76.13592698120586,9024
2021-09-18,76.13592698120586,76.13592698120586,74.97684513655228,75.53455142550635,4416
2021-09-19,75.53455142550635,76.22227989354182,75.48997292450206,75.84319207566845,3796
2021-09-20,75.84319207566845,75.84319207566845,74.58445396718257,74.78380537119637,9397
2021-09-21,74.78380537119637,76.54637899200209,74.78380537119637,75.93526465330004,6023
2021-09-22,75.93526465330004,76.38094741391521,75.11866684499698,75.7451412344887,4365
2021-09-23,75.7451412344887,76.3717745979994,75.17585653123041,75.68229301046483,7332
2021-09-24,75.68229301046483,77.0098489528798,75.68229301046483,76.64020657946094,8911
2021-09-25,76.64020657946094,77.03663645310104,76.01496461079014,76.52601372546286,3796
2021-09-26,76.52601372546286,77.06160597036032,76.28906760600242,77.00512395135038,2598
2021-09-27,77.00512395135038,77.00512395135038,76.01704994147303,76.16720370372306,5563
2021-09-28,76.16720370372306,76.16720370372306,75.21793279373475,75.71139984429435,4737
2021-09-29,75.71139984429435,75.71139984429435,74.22476022157046,74.59743393779263,2674
2021-09-30,74.59743393779263,74.61912221589652,73.93715021487428,74.43088622736477,7822
2021-10-01,74.43088622736477,75.78833220556767,74.43088622736477,75.25571456987231,8200
2021-10-02,75.25571456987231,75.60500715113189,75.25571456987231,75.43460111739611,9095
2021-10-03,75.43460111739611,76.40295140630279,75.43460111739611,76.14202322226748,6500
2021-10-04,76.14202322226748,76.14202322226748,74.68865944581171,75.32105708937135,1252
2021-10-05,75.32105708937135,75.32105708937135,74.32770896101734,74.61447518226326,8015
2021-10-06,74.61447518226326,74.61447518226326,73.99152842161165,74.24204064573172,3259
2021-10-07,74.24204064573172,74.75927166452924,74.14610930905783,74.70009898756838,1861
2021-10-08,74.70009898756838,75.12276303675006,74.70009898756838,74.98524189113897,6995
2021-10-09,74.98524189113897,75.50721290666888,74.73310540920393,74.97301057619062,3472
2021-10-10,74.97301057619062,75.50920805973975,74.97301057619062,75.471114051689,4646
2021-10-11,75.471114051689,75.76769252535213,75.0890065603918,75.34999530679764,4490
2021-10-12,75.34999530679764,75.71258452177746,74.88233931901604,75.33277573126325,8670
2021-10-13,75.33277573126325,76.6624270196873,75.33277573126325,76.3766435946954,5682
2021-10-14,76.3766435946954,76.3766435946954,75.80037232222391,75.90762863622594,9420
2021-10-15,75.90762863622594,76.4634533495092,75.90762863622594,76.05377354549005,7572
2021-10-16,76.05377354549005,77.39038444587594,76.05377354549005,77.34332939261468,9310
2021-10-17,77.34332939261468,77.6748312354018,77.10170887369127,77.42485315435006,7608
2021-10-18,77.42485315435006,78.31489418714565,77.42485315435006,77.99009593636903,4425
2021-10-19,77.99009593636903,77.99009593636903,77.4455312285047,77.50475051219395,4026
2021-10-20,77.50475051219395,79.48478643906552,77.50475051219395,79.06996681969711,7907
2021-10-21,79.06996681969711,79.06996681969711,76.6195398379352,77.27026184441496,2379
2021-10-22,77.27026184441496,77.27026184441496,76.20617299618162,76.36280421409468,3487
2021-10-23,76.36280421409468,76.36280421409468,74.76828862047326,75.5197288980034,2503
2021-10-24,75.5197288980034,77.06741101717118,75.5197288980034,76.81557172454225,6394
2021-10-25,76.81557172454225,77.60781170816915,76.63995008649931,77.09755662953724,1699
2021-10-26,77.09755662953724,77.50298337056621,76.35015403100398,76.88769504365287,1823
2021-10-27,76.88769504365287,76.88769504365287,75.45849457158987,75.86228870770846,6545
2021-10-28,75.86228870770846,76.18916524452942,75.86228870770846,76.15359194202912,4721
2021-10-29,76.15359194202912,76.70761497321698,76.00354443365536,76.24481896546955,5658
2021-10-30,76.24481896546955,76.37568463424358,75.27121655471622,75.69044344299618,8389
2021-10-31,75.69044344299618,75.69044344299618,73.8302134313796,74.4972217202778,9103
2021-11-01,74.4972217202778,74.4972217202778,73.30602813742547,73.61501553968856,3518
2021-11-02,73.61501553968856,73.79818389936787,73.53130854093594,73.78574577265124,1368
2021-11-03,73.78574577265124,74.46195355572704,73.73813792449222,74.03455440435837,2077
2021-11-04,74.03455440435837,74.17033850928544,73.35263542134341,74.09306927940872,4796
2021-11-05,74.09306927940872,74.6678289951116,73.77467767269147,73.97180119149277,4629
2021-11-06,73.97180119149277,73.97180119149277,72.43246437624984,72.55681162251386,4130
2021-11-07,72.55681162251386,73.04690717217755,71.94764379242788,72.59582774580637,2490
2021-11-08,72.59582774580637,72.59582774580637,71.67975160051657,71.76979979513327,6273
2021-11-09,71.76979979513327,72.04443748644651,71.20048891742157,71.80323163447186,2888
2021-11-10,71.80323163447186,72.18360057634426,71.72399268014834,72.17527210850541,8387
2021-11-11,72.17527210850541,72.25547314311123,70.9484185535675,71.63465170784687,6418
2021-11-12,71.63465170784687,71.63465170784687,70.59115890344418,70.8161952465656,8819
2021-11-13,70.8161952465656,71.78893692672203,70.8161952465656,71.61108416525849,1925
2021-11-14,71.61108416525849,72.1512903424714,71.61108416525849,71.89252191519807,7353
2021-11-15,71.89252191519807,71.89252191519807,70.82476156772977,71.3832214260548,5553
2021-11-16,71.3832214260548,71.3832214260548,68.75727557096207,68.9829685117533,5261
2021-11-17,68.9829685117533,69.13747858108705,68.62612859793016,68.94366814865998,5193
2021-11-18,68.94366814865998,70.12405662410563,68.89344569879837,69.4469786972921,2194
2021-11-19,69.4469786972921,70.96063345981295,69.4469786972921,70.34422421515266,8237
2021-11-20,70.34422421515266,70.34422421515266,69.48207254861786,69.80193673129735,5638
2021-11-21,69.80193673129735,69.86896398544768,69.084776468297,69.2875121174007,2894
2021-11-22,69.2875121174007,69.2875121174007,68.41244899721393,68.93318673606807,8417
2021-11-23,68.93318673606807,69.99929251317914,68.93318673606807,69.60352420259713,8867
2021-11-24,69.60352420259713,69.60352420259713,68.49576530026903,68.6637497814984,8464
2021-11-25,68.6637497814984,68.72218056423607,68.304570864547,68.57344826217938,8577
2021-11-26,68.57344826217938,68.57344826217938,67.2929316704508,67.83285262916556,8548
2021-11-27,67.83285262916556,68.58807288874937,67.83285262916556,68.04769142125798,8019
2021-11-28,68.04769142125798,68.04769142125798,66.5886759660713,66.80394366999371,8078
2021-11-29,66.80394366999371,67.75857143715572,66.61675716521263,67.10487182871597,1633
2021-11-30,67.10487182871597,67.10487182871597,66.29885954908234,66.70755429817714,7814
2021-12-01,66.70755429817714,66.70755429817714,66.23595212550447,66.52832365353478,7258
2021-12-02,66.52832365353478,66.9860070889878,66.52832365353478,66.94892702722592,7316
2021-12-03,66.94892702722592,68.08405149921728,66.94892702722592,67.86397780926248,8573
2021-12-04,67.86397780926248,67.86397780926248,66.23965024628352,66.50638820844358,8104
2021-12-05,66.50638820844358,67.72248323509315,66.50638820844358,67.30923226538721,7173
2021-12-06,67.30923226538721,67.81393687142508,67.30923226538721,67.75575706775186,5402
2021-12-07,67.75575706775186,67.82670599409087,66.91093350459165,67.52000355072295,9593
2021-12-08,67.52000355072295,68.99676292691868,67.52000355072295,68.64320316102301,1202
2021-12-09,68.64320316102301,68.85352824876503,68.48094520096376,68.79412334180368,4985
2021-12-10,68.79412334180368,70.31201517246454,68.79412334180368,69.82887278507205,1282
2021-12-11,69.82887278507205,70.04163437600182,69.1468017446204,69.35464108683504,8959
2021-12-12,69.35464108683504,69.35464108683504,68.04745937013051,68.66126527511054,5363
2021-12-13,68.66126527511054,70.00090109124051,68.66126527511054,69.64099096559038,9297
2021-12-14,69.64099096559038,71.64023855636589,69.64099096559038,71.37240861626618,2926
2021-12-15,71.37240861626618,72.58371155465849,71.17606193537172,71.87943682454156,7528
2021-12-16,71.87943682454156,73.2097729614147,71.87943682454156,72.59238463372617,6483
2021-12-17,72.59238463372617,72.91279653178012,71.56075220676462,72.21326598426543,4349
2021-12-18,72.21326598426543,72.21326598426543,71.07555202123088,71.15313189806686,7583
2021-12-19,71.15313189806686,71.19686463314038,70.83047900178443,70.97235665273882,8848
2021-12-20,70.97235665273882,72.18425985198168,70.97235665273882,72.1726116880718,3958
2021-12-21,72.1726116880718,72.1726116880718,70.05132653093726,70.68424460269841,7055
2021-12-22,70.68424460269841,70.96016353735666,70.22329740238092,70.28798281818382,2600
2021-12-23,70.28798281818382,70.28798281818382,68.38610541641009,68.75635062299374,4304
2021-12-24,68.75635062299374,69.15006405141422,68.32106043536412,68.84296599167037,1375
2021-12-25,68.84296599167037,69.65212490438628,68.84296599167037,69.54236157105538,4839
2021-12-26,69.54236157105538,69.54236157105538,68.2429156623211,68.54817593741011,8354
2021-12-27,68.54817593741011,68.54817593741011,67.58365591216739,68.22066263603452,1243
2021-12-28,68.22066263603452,69.73060574431646,68.22066263603452,69.28126017291527,2125
2021-12-29,69.28126017291527,69.62502462860579,68.7329201790932,69.21048683842582,2116
2021-12-30,69.21048683842582,69.21048683842582,67.75999999000446,68.21908920924912,1044
2021-12-31,68.21908920924912,68.21908920924912,66.56343324223904,67.16608069398143,3492
2022-01-01,67.16608069398143,67.16608069398143,65.33052120186875,65.55436269429717,4561
2022-01-02,65.55436269429717,66.53924093017835,65.55436269429717,66.17299843439673,6703
2022-01-03,66.17299843439673,66.17299843439673,65.43603211437308,65.57610089701598,4226
2022-01-04,65.57610089701598,66.94921001148319,65.57610089701598,66.41664535675872,6010
2022-01-05,66.41664535675872,67.19937543170305,66.41664535675872,67.11026850520673,4932
2022-01-06,67.11026850520673,67.11026850520673,65.9405778520471,66.5822447036418,1550
2022-01-07,66.5822447036418,66.67711597639428,65.94292535658961,66.15988163416651,9370
2022-01-08,66.15988163416651,67.37654184372889,66.15988163416651,66.78278900182957,8562
2022-01-09,66.78278900182957,67.34531792623129,66.5426501756403,66.90233115886849,8265
2022-01-10,66.90233115886849,67.15006195149459,66.65175118286398,67.11659474194514,5451
2022-01-11,67.11659474194514,67.11659474194514,65.55784450409642,65.79892246634466,6745
2022-01-12,65.79892246634466,67.16127944395302,65.79892246634466,66.51709214254805,6028
2022-01-13,66.51709214254805,66.51709214254805,65.68109199565022,65.81683155345627,8726
2022-01-14,65.81683155345627,65.81683155345627,63.68029252082721,64.00122806429735,5924
2022-01-15,64.00122806429735,64.00122806429735,63.4722581645484,63.507687861730986,6472
2022-01-16,63.507687861730986,64.23254571123825,63.296009927284594,63.845284854399914,2339
2022-01-17,63.845284854399914,65.63419290244298,63.845284854399914,65.52298566134104,4289
2022-01-18,65.52298566134104,65.52298566134104,64.81135843330702,65.22472452193122,3470
2022-01-19,65.22472452193122,65.22472452193122,63.836310505991904,64.16089923553757,3556
2022-01-20,64.16089923553757,66.18965956414006,64.16089923553757,65.8596781225649,1636
2022-01-21,65.8596781225649,66.32755396218121,65.36505678226298,65.98786848101182,2071
2022-01-22,65.98786848101182,65.98786848101182,65.22049635396276,65.77893037422913,2030
2022-01-23,65.77893037422913,65.77893037422913,64.4407608926256,64.91814082273385,5557
2022-01-24,64.91814082273385,64.91814082273385,64.03908156647799,64.11495842908688,1225
2022-01-25,64.11495842908688,65.33639077578842,64.11495842908688,65.29789656971298,3262
2022-01-26,65.29789656971298,65.53892233616136,64.65761457284825,65.0813439295434,3934
2022-01-27,65.0813439295434,65.15519375994207,64.58943060009568,64.6510968881351,5280
2022-01-28,64.6510968881351,64.85426818454353,63.79616058448919,64.24316666221924,5700
2022-01-29,64.24316666221924,66.13975498760786,64.24316666221924,65.49745931269527,6014
2022-01-30,65.49745931269527,65.49745931269527,64.40870294649794,65.02592837000466,7343
2022-01-31,65.02592837000466,65.53835375569122,65.02592837000466,65.528456048593,4209
2022-02-01,65.528456048593,66.19129643597505,65.528456048593,65.74136956840559,8001
2022-02-02,65.74136956840559,66.12536339253127,65.74136956840559,65.932782261782,2974
2022-02-03,65.932782261782,65.932782261782,64.70570129249731,65.2309812401418,1932
2022-02-04,65.2309812401418,66.0784945372161,65.2309812401418,65.7578246305209,2978
2022-02-05,65.7578246305209,67.3385393382981,65.7578246305209,67.04473024284925,7127
2022-02-06,67.04473024284925,67.28478219322682,66.56531718529206,67.00298334257863,7255
2022-02-07,67.00298334257863,67.00298334257863,65.97260222794299,66.26718673105071,3238
2022-02-08,66.26718673105071,66.26718673105071,64.72188136823353,65.2340877831226,1909
2022-02-09,65.2340877831226,65.50750838896747,65.2340877831226,65.38666179117268,6262
2022-02-10,65.38666179117268,65.80588307322833,64.76497174695132,65.1690745508965,5204
2022-02-11,65.1690745508965,65.6105275260504,64.83793609635319,65.08557531254445,2688
2022-02-12,65.08557531254445,65.65053067774403,64.53682593261182,65.09503812821029,4677
2022-02-13,65.09503812821029,65.09503812821029,63.66126495826147,63.9145480023535,8551
2022-02-14,63.9145480023535,64.98036745968044,63.9145480023535,64.53973618133983,5145
2022-02-15,64.53973618133983,65.31093291479817,64.50422292197659,64.7271906255239,1520
2022-02-16,64.7271906255239,65.14505459867378,64.32801205714948,64.66749772637547,8399
2022-02-17,64.66749772637547,65.16051319482322,64.66749772637547,64.85298348411129,7113
2022-02-18,64.85298348411129,65.6076495207172,64.85298348411129,65.59389779443433,7536
2022-02-19,65.59389779443433,65.97487992519035,65.20920102439146,65.63663750795385,5928
2022-02-20,65.63663750795385,65.63663750795385,64.75330348158857,64.95645035012194,2664
2022-02-21,64.95645035012194,66.37463407897998,64.95645035012194,65.88943686691087,1866
2022-02-22,65.88943686691087,66.11225415856946,64.89802210531876,65.5427777900771,5176
2022-02-23,65.5427777900771,65.5427777900771,64.57080450387286,64.96240177600751,4937
2022-02-24,64.96240177600751,64.96240177600751,63.45396523509069,63.71280509977952,5395
2022-02-25,63.71280509977952,63.777511501642145,63.28492606962373,63.71913710325839,2735
2022-02-26,63.71913710325839,63.71913710325839,62.40547688973712,62.88102214843774,8449
2022-02-27,62.88102214843774,63.01600313006292,62.03679237087945,62.465715746746746,1137
2022-02-28,62.465715746746746,63.07680996315204,62.465715746746746,62.82514570020448,1657
2022-03-01,62.82514570020448,62.89467493212187,62.82514570020448,62.85176160483376,7288
2022-03-02,62.85176160483376,63.73314681736431,62.85176160483376,63.66479138698151,7889
2022-03-03,63.66479138698151,63.98197667193152,63.63108545476821,63.90890122359693,6656
2022-03-04,63.90890122359693,64.16677020065475,63.057180131777166,63.58578486476484,3366
2022-03-05,63.58578486476484,63.58578486476484,63.26608058556721,63.32202266901126,8330
2022-03-06,63.32202266901126,63.32202266901126,62.38534135002498,62.91612349394012,4058
2022-03-07,62.91612349394012,63.95275739987575,62.91612349394012,63.43322052087175,7991
2022-03-08,63.43322052087175,63.60483254447914,63.25121207738737,63.45039363346071,4390
2022-03-09,63.45039363346071,63.45786829406591,62.86662345716422,63.12165729562734,4872
2022-03-10,63.12165729562734,64.16651701048013,63.12165729562734,63.797595787098054,4276
2022-03-11,63.797595787098054,64.13974205904488,63.26842030069483,63.87462459756825,8654
2022-03-12,63.87462459756825,63.87462459756825,63.476360508111455,63.502196331946394,8558
2022-03-13,63.502196331946394,63.502196331946394,62.170218906814505,62.292278466783046,8081
2022-03-14,62.292278466783046,62.71244200111931,62.292278466783046,62.64225594302144,5838
2022-03-15,62.64225594302144,63.03266277911538,62.64225594302144,62.83322284623545,7934
2022-03-16,62.83322284623545,63.12600207918354,62.27486767620038,62.874287822451755,8674
2022-03-17,62.874287822451755,62.874287822451755,62.14426295550734,62.527034969772096,8667
2022-03-18,62.527034969772096,62.527034969772096,61.65823825105716,61.86024648127502,1925
2022-03-19,61.86024648127502,62.10439667383263,61.30899169528407,61.67888812986052,9170
2022-03-20,61.67888812986052,62.44024563315075,61.44679286313956,61.86402899268811,7149
2022-03-21,61.86402899268811,62.33738528616134,61.2326850505498,61.76174829369291,1025
2022-03-22,61.76174829369291,61.82285946283861,61.0988535442738,61.64597903303027,6049
2022-03-23,61.64597903303027,61.64597903303027,61.013342009262374,61.27143857321601,5757
2022-03-24,61.27143857321601,62.15289847410348,61.07584326036716,61.54256253140411,8845
2022-03-25,61.54256253140411,62.04439990967894,61.12852814379342,61.72946342179176,7438
2022-03-26,61.72946342179176,61.72946342179176,60.80124797989063,61.12753440400262,9965
2022-03-27,61.12753440400262,62.270665401244635,61.12753440400262,61.73574591120766,9552
2022-03-28,61.73574591120766,62.58082238064553,61.73574591120766,62.3688313081413,5044
2022-03-29,62.3688313081413,63.392937202909216,62.3688313081413,63.01970774717643,3903
2022-03-30,63.01970774717643,63.103333590018515,62.787233192356545,62.91519090931749,5528
2022-03-31,62.91519090931749,62.91519090931749,62.70262903502103,62.7598618576998,8912
2022-04-01,62.7598618576998,62.7598618576998,61.63187991459687,61.83252515862133,6038
2022-04-02,61.83252515862133,62.58341562796675,61.83252515862133,62.43625334486762,4625
2022-04-03,62.43625334486762,62.43625334486762,60.3814820893507,60.72761901532789,4036
2022-04-04,60.72761901532789,60.8662778353223,60.009757905355805,60.41485175314465,9964
2022-04-05,60.41485175314465,60.4534700706271,59.71549457138318,60.14297942058583,6780
2022-04-06,60.14297942058583,61.29823688481207,60.14297942058583,60.82795438706115,4615
2022-04-07,60.82795438706115,61.001570736425094,60.4793645283314,60.827463844178546,2212
2022-04-08,60.827463844178546,60.827463844178546,59.748310471932214,60.05588851638866,1818
2022-04-09,60.05588851638866,60.05588851638866,58.55409159170684,58.914476144260185,9108
2022-04-10,58.914476144260185,58.914476144260185,57.921375206128474,58.331169193390835,7598
2022-04-11,58.331169193390835,58.85680041361427,57.922508979240625,58.41645656348645,1649
2022-04-12,58.41645656348645,58.68378253051767,58.31324472945526,58.460493950703864,6921
2022-04-13,58.460493950703864,58.46605276961345,57.80155527253383,58.30239324664646,9452
2022-04-14,58.30239324664646,58.30239324664646,57.64059148180138,57.75492989456435,9927
2022-04-15,57.75492989456435,57.75492989456435,57.5768029259425,57.58682536008498,9684
2022-04-16,57.58682536008498,58.80824278431788,57.58682536008498,58.385035713656336,5081
2022-04-17,58.385035713656336,58.385035713656336,57.372005426215146,57.504692946585465,6908
2022-04-18,57.504692946585465,57.580569438862085,57.04918570076112,57.53160759804681,3727
2022-04-19,57.53160759804681,59.19572966267117,57.53160759804681,58.82646297365966,5416
2022-04-20,58.82646297365966,59.63101906262021,58.82646297365966,59.26992562974422,8976
2022-04-21,59.26992562974422,59.26992562974422,58.39286493127619,58.9051771328651,1825
2022-04-22,58.9051771328651,59.707386060062966,58.9051771328651,59.43395468685258,6021
2022-04-23,59.43395468685258,59.43395468685258,58.798018506750175,58.832335314387166,1073
2022-04-24,58.832335314387166,59.25918216581163,58.282369719202784,58.83797346567326,7329
2022-04-25,58.83797346567326,60.19934954338528,58.83797346567326,60.081201622805736,4404
2022-04-26,60.081201622805736,61.94127803917713,60.081201622805736,61.59651050562067,3050
2022-04-27,61.59651050562067,61.59651050562067,59.663124782926474,60.22960679669214,9558
2022-04-28,60.22960679669214,60.79919302114752,60.22960679669214,60.7896606876218,1792
2022-04-29,60.7896606876218,62.79535884501833,60.7896606876218,62.348550726828634,1025
2022-04-30,62.348550726828634,62.348550726828634,61.32588819932596,61.912279518164375,8629
2022-05-01,61.912279518164375,62.42089486198751,61.69349809348878,62.11947202142929,7290
2022-05-02,62.11947202142929,63.503921255108025,62.11947202142929,63.32526445299767,6811
2022-05-03,63.32526445299767,63.32526445299767,62.32442806075857,62.93124777544818,4666
2022-05-04,62.93124777544818,63.60654664287323,62.93124777544818,63.29286706109652,4637
2022-05-05,63.29286706109652,63.827350597903234,63.0416422343778,63.24550185607001,3222
2022-05-06,63.24550185607001,63.24550185607001,61.437076804664,61.705208507819705,6016
2022-05-07,61.705208507819705,62.55877968181989,61.705208507819705,61.982105600064045,7492
2022-05-08,61.982105600064045,62.433252569455995,61.48016793820145,61.83480973978693,2552
2022-05-09,61.83480973978693,62.82424061183244,61.83480973978693,62.57731476168349,9481
2022-05-10,62.57731476168349,64.75372459435452,62.57731476168349,64.25202451892639,5412
2022-05-11,64.25202451892639,65.37586582572655,64.25202451892639,64.7991377135613,2548
2022-05-12,64.7991377135613,64.7991377135613,64.33344850816685,64.50521982424381,1077
2022-05-13,64.50521982424381,65.33638564601475,64.2844302418506,64.86534060715506,3422
2022-05-14,64.86534060715506,65.40198718514982,64.86534060715506,65.02676587305342,9775
2022-05-15,65.02676587305342,65.97601395015667,65.02676587305342,65.84515011730818,6021
2022-05-16,65.84515011730818,65.84515011730818,64.27998542738858,64.6941198822372,7077
2022-05-17,64.6941198822372,64.6941198822372,63.376137988651195,63.76105789252512,2886
2022-05-18,63.76105789252512,63.76105789252512,61.89312163272646,62.124911868772074,9390
2022-05-19,62.124911868772074,62.61439106905479,62.124911868772074,62.61057950444161,8254
2022-05-20,62.61057950444161,63.17427795897531,62.59020447268745,62.59537416940627,1746
2022-05-21,62.59537416940627,62.59537416940627,61.95619036472914,62.083263868673825,7205
2022-05-22,62.083263868673825,62.083263868673825,61.00238545812112,61.503066308090254,2509
2022-05-23,61.503066308090254,61.503066308090254,60.875606962527286,61.0453133219522,5432
2022-05-24,61.0453133219522,61.0453133219522,59.9810564212061,60.303060753845905,3144
2022-05-25,60.303060753845905,60.303060753845905,59.867287667550194,60.04593946950646,6474
2022-05-26,60.04593946950646,60.04593946950646,59.61224602179891,59.65056682224317,1238
2022-05-27,59.65056682224317,61.155951924662766,59.65056682224317,60.76254622191891,8112
2022-05-28,60.76254622191891,61.25756651367884,60.4156466973182,61.02119210063318,9408
2022-05-29,61.02119210063318,61.02119210063318,60.12387209731465,60.36637406098062,8496
2022-05-30,60.36637406098062,60.36637406098062,59.69944566914147,59.899265164003,7414
2022-05-31,59.899265164003,60.89275491497218,59.899265164003,60.858417372005704,5663
2022-06-01,60.858417372005704,61.24423599061065,60.858417372005704,61.2203592503822,5754
2022-06-02,61.2203592503822,61.48769962489626,61.2203592503822,61.45650532557337,4938
2022-06-03,61.45650532557337,62.24358856037633,61.45650532557337,62.03302269303825,1532
2022-06-04,62.03302269303825,63.88975303999421,62.03302269303825,63.301913290486006,3136
2022-06-05,63.301913290486006,63.301913290486006,62.239115193936584,62.32805788839097,9028
2022-06-06,62.32805788839097,62.32805788839097,61.65060293376377,61.73151827251002,1214
2022-06-07,61.73151827251002,61.73151827251002,59.88398883679614,60.339022543527555,1774
2022-06-08,60.339022543527555,61.16182623764373,60.339022543527555,60.734927321477606,3650
2022-06-09,60.734927321477606,60.828179814022185,60.35278204192625,60.43187260853369,4124
2022-06-10,60.43187260853369,60.43187260853369,59.74860929556469,59.89439175961704,1315
2022-06-11,59.89439175961704,59.89439175961704,58.76132974064305,59.28460873796664,1755
2022-06-12,59.28460873796664,60.087933596548915,59.27504795706595,59.83769393819305,4026
2022-06-13,59.83769393819305,60.28234984708027,59.166973427681256,59.72402976868941,7559
2022-06-14,59.72402976868941,59.72402976868941,59.11349202290927,59.29961193438202,4208
2022-06-15,59.29961193438202,60.373320943698765,59.29961193438202,60.30390038234088,6817
2022-06-16,60.30390038234088,60.30390038234088,59.429378300073026,59.46704203614411,8313
2022-06-17,59.46704203614411,59.46704203614411,58.173867862084805,58.455538724091554,9461
2022-06-18,58.455538724091554,60.59604503962654,58.455538724091554,60.531255054328,8817
2022-06-19,60.531255054328,60.531255054328,59.96640436858626,60.2370696797465,2105
2022-06-20,60.2370696797465,60.2370696797465,59.21713496031936,59.80229266124918,7657
2022-06-21,59.80229266124918,59.80229266124918,58.77373324602238,59.22035637847408,4240
2022-06-22,59.22035637847408,59.285056348755944,58.8285884220966,59.11084039543202,6717
2022-06-23,59.11084039543202,60.263820269230294,59.11084039543202,59.737035581434675,3505
2022-06-24,59.737035581434675,60.612829771774045,59.737035581434675,60.33980601748887,9515
2022-06-25,60.33980601748887,60.88167572894022,60.33980601748887,60.77505223096826,8984
2022-06-26,60.77505223096826,60.88987614469973,60.35696358635352,60.55217035819826,1925
2022-06-27,60.55217035819826,60.55217035819826,59.1656893191202,59.36011132795201,2585
2022-06-28,59.36011132795201,59.98536525739934,59.02442017935579,59.58647601561318,8417
2022-06-29,59.58647601561318,60.9069157366328,59.58647601561318,60.801513768643154,9914
2022-06-30,60.801513768643154,62.20593572029913,60.801513768643154,61.65693666846886,6763
2022-07-01,61.65693666846886,61.65693666846886,60.914398070132904,61.52233005731176,3597
2022-07-02,61.52233005731176,62.356969511784115,61.52233005731176,62.164360132952275,5457
2022-07-03,62.164360132952275,62.164360132952275,61.649362402069094,61.85596653243864,4973
2022-07-04,61.85596653243864,62.16396966028812,61.68745975779955,61.81184807858802,1745
2022-07-05,61.81184807858802,61.81184807858802,60.507646270611,60.82435614232899,8877
2022-07-06,60.82435614232899,60.845977102328526,60.02392245671327,60.57201376529699,5169
2022-07-07,60.57201376529699,60.95624232983222,60.206356010359,60.68446613106627,2958
2022-07-08,60.68446613106627,60.91974817662016,60.52666660202895,60.54923248467449,3343
2022-07-09,60.54923248467449,61.32543650566051,60.54923248467449,61.16520298330694,8657
2022-07-10,61.16520298330694,62.87391908553136,61.16520298330694,62.67214226451367,9079
2022-07-11,62.67214226451367,63.89408679457798,62.67214226451367,63.72945238315588,2162
2022-07-12,63.72945238315588,63.72945238315588,62.96617034679294,63.4854901874093,9359
2022-07-13,63.4854901874093,63.4854901874093,62.508915577885155,62.90054377390928,6354
2022-07-14,62.90054377390928,62.96104125003023,61.9435179114649,62.37841604894888,2380
2022-07-15,62.37841604894888,62.37841604894888,61.1562426333151,61.59617686558451,8615
2022-07-16,61.59617686558451,62.2180619543328,61.26791701993424,61.62338756097822,9682
2022-07-17,61.62338756097822,62.028491279919784,61.62338756097822,61.96028249555236,7977
2022-07-18,61.96028249555236,62.55172670583582,61.602606643639625,62.10671409602319,1328
2022-07-19,62.10671409602319,62.30809125655918,61.910635893030936,62.261634099723594,3492
2022-07-20,62.261634099723594,62.89683612962746,61.9379662064131,62.38819425393893,1361
2022-07-21,62.38819425393893,62.80826666967124,62.26621996443195,62.28255097334954,1132
2022-07-22,62.28255097334954,62.28255097334954,61.57664231055898,61.68866598414977,2446
2022-07-23,61.68866598414977,63.69088607656579,61.68866598414977,63.068382701132535,3635
2022-07-24,63.068382701132535,64.20260995381301,63.068382701132535,63.90640802683824,6300
2022-07-25,63.90640802683824,63.90640802683824,62.951497870707016,63.1798033448357,8447
2022-07-26,63.1798033448357,63.1798033448357,61.98639721806504,62.45561009036255,8162
2022-07-27,62.45561009036255,62.494009285079144,61.985657150524005,61.98659382974253,6819
2022-07-28,61.98659382974253,62.36263850928954,61.98533508858436,62.01301682213976,1209
2022-07-29,62.01301682213976,63.33573321870582,62.01301682213976,63.02025367721195,8048
2022-07-30,63.02025367721195,64.10329621125561,63.02025367721195,63.83213106040243,7949
2022-07-31,63.83213106040243,65.17362947845308,63.83213106040243,64.6863313452346,8940
2022-08-01,64.6863313452346,65.6039049027893,64.6863313452346,65.55659874059342,2153
2022-08-02,65.55659874059342,66.86189748743648,65.55659874059342,66.44172061179263,6578
2022-08-03,66.44172061179263,67.08000223867232,66.44172061179263,67.03107228205604,6979
2022-08-04,67.03107228205604,67.5410128078246,67.03107228205604,67.39467518819619,8205
2022-08-05,67.39467518819619,67.39467518819619,67.05436432395815,67.29943180867238,3497
2022-08-06,67.29943180867238,67.29943180867238,65.3987836866626,65.90441724074597,1798
2022-08-07,65.90441724074597,66.42190364092694,65.79979105214395,65.80103951071379,8901
2022-08-08,65.80103951071379,67.38586299746521,65.80103951071379,67.24262169376988,9596
2022-08-09,67.24262169376988,67.24262169376988,66.31553592018528,66.81064862440442,3534
2022-08-10,66.81064862440442,66.81064862440442,65.67567989603631,66.31009394457729,3230
2022-08-11,66.31009394457729,67.13803181793477,66.31009394457729,67.12402636446936,1253
2022-08-12,67.12402636446936,67.42413049585032,66.65523836451635,67.18852622532933,7184
2022-08-13,67.18852622532933,67.18852622532933,66.60883067670281,66.80448382136225,2449
2022-08-14,66.80448382136225,68.10337133173307,66.80448382136225,68.05061433329472,6672
2022-08-15,68.05061433329472,69.15795415674131,68.05061433329472,68.5499390115971,6798
2022-08-16,68.5499390115971,69.42152370436052,68.5499390115971,69.15600135931032,7953
2022-08-17,69.15600135931032,69.15600135931032,68.14788755481321,68.70434103247607,6690
2022-08-18,68.70434103247607,69.17980622553486,68.70434103247607,69.10198239989539,2453
2022-08-19,69.10198239989539,70.07523561987246,68.7200154845447,69.4031767453304,9801
2022-08-20,69.4031767453304,70.15213135565803,69.4031767453304,70.02483915305453,9582
2022-08-21,70.02483915305453,71.2749383550828,70.02483915305453,70.9441748691836,1342
2022-08-22,70.9441748691836,71.9084436792312,70.9441748691836,71.84503367652262,4477
2022-08-23,71.84503367652262,72.09454580898998,71.56034747187798,71.98142632840307,7353
2022-08-24,71.98142632840307,72.63150410160539,71.88557051699195,72.53302579054866,8391
2022-08-25,72.53302579054866,72.53302579054866,71.1890830154166,71.61696335317403,6579
2022-08-26,71.61696335317403,72.19520166992238,71.61696335317403,72.13185304495134,2481
2022-08-27,72.13185304495134,73.0185857009162,71.95610260346815,72.67930502613099,8919
2022-08-28,72.67930502613099,72.77726335579433,71.86448619199099,72.3682216407512,2528
2022-08-29,72.3682216407512,72.3682216407512,71.25371931030223,71.74922336331255,8204
2022-08-30,71.74922336331255,72.25264552991649,70.99357198711095,71.70221750923612,6149
2022-08-31,71.70221750923612,71.70221750923612,70.2865162443511,70.73145501724937,6489
2022-09-01,70.73145501724937,71.41234108791396,70.73145501724937,71.00415956907433,9013
2022-09-02,71.00415956907433,71.81696598826562,70.758152435882,71.23992049581996,2522
2022-09-03,71.23992049581996,71.23992049581996,70.03787774835727,70.48106640287347,3704
2022-09-04,70.48106640287347,70.52225788434052,70.0059129465323,70.51912048519908,7535
2022-09-05,70.51912048519908,71.42678106968106,70.51912048519908,71.37329062740048,3566
2022-09-06,71.37329062740048,72.25659450455665,71.37329062740048,72.2233787643313,3757
2022-09-07,72.2233787643313,73.12611811236695,72.2233787643313,73.03181156418498,8361
2022-09-08,73.03181156418498,73.2952143385442,72.33700896443291,72.91152358919287,6726
2022-09-09,72.91152358919287,73.33783770948347,71.9291495043587,72.6410169019054,6866
2022-09-10,72.6410169019054,72.6410169019054,72.01352042960912,72.32832659325331,7995
2022-09-11,72.32832659325331,73.37655432926772,72.32832659325331,72.80247036261616,3239
2022-09-12,72.80247036261616,74.88579165773213,72.80247036261616,74.683964203024,4024
2022-09-13,74.683964203024,76.54531711833772,74.683964203024,75.80796756875102,6847
2022-09-14,75.80796756875102,77.37158707318305,75.80796756875102,77.07658587889135,2527
2022-09-15,77.07658587889135,78.30901756541165,77.07658587889135,78.1565094652269,3076
2022-09-16,78.1565094652269,78.1565094652269,76.55607482107298,76.86629753375293,2712
2022-09-17,76.86629753375293,76.86629753375293,76.49464828675752,76.70572213193275,7594
2022-09-18,76.70572213193275,76.70572213193275,76.34041510739677,76.35960665332456,7189
2022-09-19,76.35960665332456,78.07611143194966,76.35960665332456,77.35926882407189,2747
2022-09-20,77.35926882407189,79.27923781041146,77.35926882407189,78.70997746131307,6482
2022-09-21,78.70997746131307,78.70997746131307,77.41105935487303,78.17884324429363,7431
2022-09-22,78.17884324429363,78.68066849626311,77.76592417743093,78.20977152604726,4823
2022-09-23,78.20977152604726,79.02045710016871,78.20043507303217,78.655512751466,5300
2022-09-24,78.655512751466,78.655512751466,77.90026790457681,78.26474749504649,5952
2022-09-25,78.26474749504649,78.53003105565934,77.7506220338013,77.76193013336547,7330
2022-09-26,77.76193013336547,77.76193013336547,76.9986102996542,77.21997874306291,8399
